<?xml version="1.0" encoding="UTF-8"?>
<metadata xml:lang="en"><Esri><CreaDate>20231227</CreaDate><CreaTime>06374700</CreaTime><ArcGISFormat>1.0</ArcGISFormat><SyncOnce>TRUE</SyncOnce><DataProperties><lineage><Process ToolSource="c:\program files\arcgis\pro\Resources\ArcToolbox\toolboxes\Data Management Tools.tbx\ExportAttributeRules" Date="20231227" Time="063747">ExportAttributeRules "S:\Customers\23 V1Fiber\23.065.001 V1 Corning Lima\ArcGIS Setup\Template\LLD\FlexNAP_LLD_Template_Mapspace\LLD_Design.gdb\IQGeo_Tools" "C:\Users\mmccarthy\Desktop\Automation Team\import_attribute_rules\import_attribute_rules\ar_csv\iqgeo_tools_ar.csv"</Process><Process ToolSource="c:\program files\arcgis\pro\Resources\ArcToolbox\toolboxes\Data Management Tools.tbx\ExportAttributeRules" Date="20231227" Time="064102">ExportAttributeRules "S:\Customers\23 V1Fiber\23.065.001 V1 Corning Lima\ArcGIS Setup\Template\LLD\FlexNAP_LLD_Template_Mapspace\LLD_Design.gdb\IQGeo_Tools" "C:\Users\mmccarthy\Desktop\Automation Team\import_attribute_rules\import_attribute_rules\ar_csv\iqgeo_tools_ar.csv"</Process><Process ToolSource="c:\program files\arcgis\pro\Resources\ArcToolbox\toolboxes\Data Management Tools.tbx\ExportAttributeRules" Date="20231227" Time="064602">ExportAttributeRules "S:\Customers\23 V1Fiber\23.065.001 V1 Corning Lima\ArcGIS Setup\Template\LLD\FlexNAP_LLD_Template_Mapspace\LLD_Design.gdb\IQGeo_Tools" "C:\Users\mmccarthy\Desktop\Automation Team\import_attribute_rules\import_attribute_rules\ar_csv\iqgeo_tools_ar.csv"</Process><Process ToolSource="c:\program files\arcgis\pro\Resources\ArcToolbox\toolboxes\Data Management Tools.tbx\ExportAttributeRules" Date="20231227" Time="065142">ExportAttributeRules "S:\Customers\23 V1Fiber\23.065.001 V1 Corning Lima\ArcGIS Setup\Template\LLD\FlexNAP_LLD_Template_Mapspace\LLD_Design.gdb\IQGeo_Tools" "C:\Users\mmccarthy\Desktop\Automation Team\import_attribute_rules\import_attribute_rules\ar_csv\iqgeo_tools_ar.csv"</Process><Process ToolSource="c:\program files\arcgis\pro\Resources\ArcToolbox\toolboxes\Data Management Tools.tbx\ExportAttributeRules" Date="20231227" Time="065414">ExportAttributeRules "S:\Customers\23 V1Fiber\23.065.001 V1 Corning Lima\ArcGIS Setup\Template\LLD\FlexNAP_LLD_Template_Mapspace\LLD_Design.gdb\IQGeo_Tools" "C:\Users\mmccarthy\Desktop\Automation Team\import_attribute_rules\import_attribute_rules\ar_csv\iqgeo_tools_ar.csv"</Process><Process ToolSource="c:\program files\arcgis\pro\Resources\ArcToolbox\toolboxes\Data Management Tools.tbx\ExportAttributeRules" Date="20231227" Time="065629">ExportAttributeRules "S:\Customers\23 V1Fiber\23.065.001 V1 Corning Lima\ArcGIS Setup\Template\LLD\FlexNAP_LLD_Template_Mapspace\LLD_Design.gdb\IQGeo_Tools" "C:\Users\mmccarthy\Desktop\Automation Team\import_attribute_rules\import_attribute_rules\ar_csv\iqgeo_tools_ar.csv"</Process></lineage></DataProperties></Esri></metadata>
