<?xml version="1.0" encoding="UTF-8"?>
<metadata xml:lang="en"><Esri><CreaDate>20231227</CreaDate><CreaTime>06373400</CreaTime><ArcGISFormat>1.0</ArcGISFormat><SyncOnce>TRUE</SyncOnce><DataProperties><lineage><Process ToolSource="c:\program files\arcgis\pro\Resources\ArcToolbox\toolboxes\Data Management Tools.tbx\ExportAttributeRules" Date="20231227" Time="063734">ExportAttributeRules "S:\Customers\23 V1Fiber\23.065.001 V1 Corning Lima\ArcGIS Setup\Template\LLD\FlexNAP_LLD_Template_Mapspace\LLD_Design.gdb\Pole" "C:\Users\mmccarthy\Desktop\Automation Team\import_attribute_rules\import_attribute_rules\ar_csv\pole_ar.csv"</Process><Process ToolSource="c:\program files\arcgis\pro\Resources\ArcToolbox\toolboxes\Data Management Tools.tbx\ExportAttributeRules" Date="20231227" Time="064049">ExportAttributeRules "S:\Customers\23 V1Fiber\23.065.001 V1 Corning Lima\ArcGIS Setup\Template\LLD\FlexNAP_LLD_Template_Mapspace\LLD_Design.gdb\Pole" "C:\Users\mmccarthy\Desktop\Automation Team\import_attribute_rules\import_attribute_rules\ar_csv\pole_ar.csv"</Process><Process ToolSource="c:\program files\arcgis\pro\Resources\ArcToolbox\toolboxes\Data Management Tools.tbx\ExportAttributeRules" Date="20231227" Time="064549">ExportAttributeRules "S:\Customers\23 V1Fiber\23.065.001 V1 Corning Lima\ArcGIS Setup\Template\LLD\FlexNAP_LLD_Template_Mapspace\LLD_Design.gdb\Pole" "C:\Users\mmccarthy\Desktop\Automation Team\import_attribute_rules\import_attribute_rules\ar_csv\pole_ar.csv"</Process><Process ToolSource="c:\program files\arcgis\pro\Resources\ArcToolbox\toolboxes\Data Management Tools.tbx\ExportAttributeRules" Date="20231227" Time="065129">ExportAttributeRules "S:\Customers\23 V1Fiber\23.065.001 V1 Corning Lima\ArcGIS Setup\Template\LLD\FlexNAP_LLD_Template_Mapspace\LLD_Design.gdb\Pole" "C:\Users\mmccarthy\Desktop\Automation Team\import_attribute_rules\import_attribute_rules\ar_csv\pole_ar.csv"</Process><Process ToolSource="c:\program files\arcgis\pro\Resources\ArcToolbox\toolboxes\Data Management Tools.tbx\ExportAttributeRules" Date="20231227" Time="065401">ExportAttributeRules "S:\Customers\23 V1Fiber\23.065.001 V1 Corning Lima\ArcGIS Setup\Template\LLD\FlexNAP_LLD_Template_Mapspace\LLD_Design.gdb\Pole" "C:\Users\mmccarthy\Desktop\Automation Team\import_attribute_rules\import_attribute_rules\ar_csv\pole_ar.csv"</Process><Process ToolSource="c:\program files\arcgis\pro\Resources\ArcToolbox\toolboxes\Data Management Tools.tbx\ExportAttributeRules" Date="20231227" Time="065617">ExportAttributeRules "S:\Customers\23 V1Fiber\23.065.001 V1 Corning Lima\ArcGIS Setup\Template\LLD\FlexNAP_LLD_Template_Mapspace\LLD_Design.gdb\Pole" "C:\Users\mmccarthy\Desktop\Automation Team\import_attribute_rules\import_attribute_rules\ar_csv\pole_ar.csv"</Process></lineage></DataProperties></Esri></metadata>
