<?xml version="1.0" encoding="UTF-8"?>
<metadata xml:lang="en"><Esri><CreaDate>20231227</CreaDate><CreaTime>06374800</CreaTime><ArcGISFormat>1.0</ArcGISFormat><SyncOnce>TRUE</SyncOnce><DataProperties><lineage><Process ToolSource="c:\program files\arcgis\pro\Resources\ArcToolbox\toolboxes\Data Management Tools.tbx\ExportAttributeRules" Date="20231227" Time="063748">ExportAttributeRules "S:\Customers\23 V1Fiber\23.065.001 V1 Corning Lima\ArcGIS Setup\Template\LLD\FlexNAP_LLD_Template_Mapspace\LLD_Design.gdb\RoutingHelper" "C:\Users\mmccarthy\Desktop\Automation Team\import_attribute_rules\import_attribute_rules\ar_csv\routinghelper_ar.csv"</Process><Process ToolSource="c:\program files\arcgis\pro\Resources\ArcToolbox\toolboxes\Data Management Tools.tbx\ExportAttributeRules" Date="20231227" Time="064103">ExportAttributeRules "S:\Customers\23 V1Fiber\23.065.001 V1 Corning Lima\ArcGIS Setup\Template\LLD\FlexNAP_LLD_Template_Mapspace\LLD_Design.gdb\RoutingHelper" "C:\Users\mmccarthy\Desktop\Automation Team\import_attribute_rules\import_attribute_rules\ar_csv\routinghelper_ar.csv"</Process><Process ToolSource="c:\program files\arcgis\pro\Resources\ArcToolbox\toolboxes\Data Management Tools.tbx\ExportAttributeRules" Date="20231227" Time="064603">ExportAttributeRules "S:\Customers\23 V1Fiber\23.065.001 V1 Corning Lima\ArcGIS Setup\Template\LLD\FlexNAP_LLD_Template_Mapspace\LLD_Design.gdb\RoutingHelper" "C:\Users\mmccarthy\Desktop\Automation Team\import_attribute_rules\import_attribute_rules\ar_csv\routinghelper_ar.csv"</Process><Process ToolSource="c:\program files\arcgis\pro\Resources\ArcToolbox\toolboxes\Data Management Tools.tbx\ExportAttributeRules" Date="20231227" Time="065143">ExportAttributeRules "S:\Customers\23 V1Fiber\23.065.001 V1 Corning Lima\ArcGIS Setup\Template\LLD\FlexNAP_LLD_Template_Mapspace\LLD_Design.gdb\RoutingHelper" "C:\Users\mmccarthy\Desktop\Automation Team\import_attribute_rules\import_attribute_rules\ar_csv\routinghelper_ar.csv"</Process><Process ToolSource="c:\program files\arcgis\pro\Resources\ArcToolbox\toolboxes\Data Management Tools.tbx\ExportAttributeRules" Date="20231227" Time="065415">ExportAttributeRules "S:\Customers\23 V1Fiber\23.065.001 V1 Corning Lima\ArcGIS Setup\Template\LLD\FlexNAP_LLD_Template_Mapspace\LLD_Design.gdb\RoutingHelper" "C:\Users\mmccarthy\Desktop\Automation Team\import_attribute_rules\import_attribute_rules\ar_csv\routinghelper_ar.csv"</Process><Process ToolSource="c:\program files\arcgis\pro\Resources\ArcToolbox\toolboxes\Data Management Tools.tbx\ExportAttributeRules" Date="20231227" Time="065630">ExportAttributeRules "S:\Customers\23 V1Fiber\23.065.001 V1 Corning Lima\ArcGIS Setup\Template\LLD\FlexNAP_LLD_Template_Mapspace\LLD_Design.gdb\RoutingHelper" "C:\Users\mmccarthy\Desktop\Automation Team\import_attribute_rules\import_attribute_rules\ar_csv\routinghelper_ar.csv"</Process></lineage></DataProperties></Esri></metadata>
