<?xml version="1.0" encoding="UTF-8"?>
<metadata xml:lang="en"><Esri><CreaDate>20231227</CreaDate><CreaTime>06373200</CreaTime><ArcGISFormat>1.0</ArcGISFormat><SyncOnce>TRUE</SyncOnce><DataProperties><lineage><Process ToolSource="c:\program files\arcgis\pro\Resources\ArcToolbox\toolboxes\Data Management Tools.tbx\ExportAttributeRules" Date="20231227" Time="063732">ExportAttributeRules "S:\Customers\23 V1Fiber\23.065.001 V1 Corning Lima\ArcGIS Setup\Template\LLD\FlexNAP_LLD_Template_Mapspace\LLD_Design.gdb\Slack_Loop" "C:\Users\mmccarthy\Desktop\Automation Team\import_attribute_rules\import_attribute_rules\ar_csv\slack_loop_ar.csv"</Process><Process ToolSource="c:\program files\arcgis\pro\Resources\ArcToolbox\toolboxes\Data Management Tools.tbx\ExportAttributeRules" Date="20231227" Time="064046">ExportAttributeRules "S:\Customers\23 V1Fiber\23.065.001 V1 Corning Lima\ArcGIS Setup\Template\LLD\FlexNAP_LLD_Template_Mapspace\LLD_Design.gdb\Slack_Loop" "C:\Users\mmccarthy\Desktop\Automation Team\import_attribute_rules\import_attribute_rules\ar_csv\slack_loop_ar.csv"</Process><Process ToolSource="c:\program files\arcgis\pro\Resources\ArcToolbox\toolboxes\Data Management Tools.tbx\ExportAttributeRules" Date="20231227" Time="064547">ExportAttributeRules "S:\Customers\23 V1Fiber\23.065.001 V1 Corning Lima\ArcGIS Setup\Template\LLD\FlexNAP_LLD_Template_Mapspace\LLD_Design.gdb\Slack_Loop" "C:\Users\mmccarthy\Desktop\Automation Team\import_attribute_rules\import_attribute_rules\ar_csv\slack_loop_ar.csv"</Process><Process ToolSource="c:\program files\arcgis\pro\Resources\ArcToolbox\toolboxes\Data Management Tools.tbx\ExportAttributeRules" Date="20231227" Time="065126">ExportAttributeRules "S:\Customers\23 V1Fiber\23.065.001 V1 Corning Lima\ArcGIS Setup\Template\LLD\FlexNAP_LLD_Template_Mapspace\LLD_Design.gdb\Slack_Loop" "C:\Users\mmccarthy\Desktop\Automation Team\import_attribute_rules\import_attribute_rules\ar_csv\slack_loop_ar.csv"</Process><Process ToolSource="c:\program files\arcgis\pro\Resources\ArcToolbox\toolboxes\Data Management Tools.tbx\ExportAttributeRules" Date="20231227" Time="065359">ExportAttributeRules "S:\Customers\23 V1Fiber\23.065.001 V1 Corning Lima\ArcGIS Setup\Template\LLD\FlexNAP_LLD_Template_Mapspace\LLD_Design.gdb\Slack_Loop" "C:\Users\mmccarthy\Desktop\Automation Team\import_attribute_rules\import_attribute_rules\ar_csv\slack_loop_ar.csv"</Process><Process ToolSource="c:\program files\arcgis\pro\Resources\ArcToolbox\toolboxes\Data Management Tools.tbx\ExportAttributeRules" Date="20231227" Time="065614">ExportAttributeRules "S:\Customers\23 V1Fiber\23.065.001 V1 Corning Lima\ArcGIS Setup\Template\LLD\FlexNAP_LLD_Template_Mapspace\LLD_Design.gdb\Slack_Loop" "C:\Users\mmccarthy\Desktop\Automation Team\import_attribute_rules\import_attribute_rules\ar_csv\slack_loop_ar.csv"</Process></lineage></DataProperties></Esri></metadata>
